OverallQual,GrLivArea,GarageCars,GarageArea,TotalBsmtSF,1stFlrSF,2ndFlrSF,FullBath,BedroomAbvGr,TotRmsAbvGrd,YearBuilt,YearRemodAdd,LotArea,Neighborhood,KitchenQual,ExterQual,BsmtQual,GarageType,Heating,CentralAir,SalePrice
6,1068,1,264,1059,1068,0,1,3,6,1963,2003,8414,Sawyer,TA,TA,TA,Attchd,GasA,Y,154500
8,2622,2,712,1463,1500,1122,2,3,9,1994,1995,12256,NoRidge,Gd,Gd,Ex,Attchd,GasA,Y,325000
5,1028,2,360,1008,1028,0,1,2,5,1927,1950,8960,OldTown,TA,TA,TA,Detchd,GasA,Y,115000
6,1664,2,420,1004,1004,660,2,3,7,1947,1950,5000,BrkSide,TA,TA,TA,Detchd,GasA,Y,159000
9,1620,3,912,1620,1620,0,2,2,6,2007,2008,12898,Timber,Ex,Gd,Ex,Attchd,GasA,Y,315500
4,630,0,0,630,630,0,1,1,3,1972,1972,1491,MeadowV,TA,TA,Gd,,GasA,Y,75500
7,1954,2,431,798,1137,817,1,3,8,1939,2006,15660,Crawfor,Gd,Gd,TA,Attchd,GasA,Y,311500
6,1456,2,440,855,855,601,2,3,7,1978,1978,2280,NPkVill,TA,TA,Gd,Attchd,GasA,Y,146000
4,630,0,0,630,630,0,1,1,3,1970,1970,1936,MeadowV,TA,TA,Gd,,GasA,Y,84500
5,1393,1,300,816,872,521,1,3,8,1955,1955,16466,Edwards,TA,TA,TA,Attchd,GasA,Y,135500
7,1477,1,216,861,877,600,2,3,6,1928,1950,6292,SWISU,TA,TA,TA,Detchd,GasA,Y,145000
5,874,1,288,864,874,0,1,3,5,1968,1968,9858,Mitchel,TA,TA,TA,Attchd,GasA,Y,130000
3,894,3,1248,894,894,0,1,2,6,1935,1950,18000,IDOTRR,TA,Fa,TA,Detchd,GasA,Y,81000
7,1535,2,532,1517,1535,0,2,3,7,2004,2004,10171,NridgHt,Gd,Gd,Gd,Attchd,GasA,Y,214000
6,1690,2,463,924,948,742,2,3,7,2000,2000,8063,Gilbert,TA,TA,Gd,Attchd,GasA,Y,181000
5,1008,1,240,1008,1008,0,1,2,6,1953,2006,8923,NAmes,Gd,TA,TA,Attchd,GasA,Y,134500
7,1720,2,440,840,840,880,2,3,7,2004,2004,8244,Gilbert,Gd,Gd,Gd,Attchd,GasA,Y,183500
5,1134,1,254,1010,1134,0,1,2,6,1960,2002,7000,NAmes,TA,TA,TA,Attchd,GasA,Y,135000
6,1012,1,308,1012,1012,0,1,2,6,1920,1950,8263,IDOTRR,TA,TA,TA,Detchd,GasA,Y,118400
7,1479,2,558,1453,1479,0,2,3,7,2003,2003,10665,CollgCr,Gd,Gd,Gd,Attchd,GasA,Y,226000
5,1803,2,484,1134,1803,0,2,3,8,1957,2000,13125,Sawyer,TA,TA,TA,Attchd,GasA,Y,155000
8,1590,2,676,768,786,804,2,3,6,2008,2008,9000,Somerst,Gd,Gd,Gd,Attchd,GasA,Y,210000
6,1476,2,540,738,738,738,2,3,7,2005,2005,8633,CollgCr,Gd,Gd,Gd,Attchd,GasA,Y,173500
5,936,1,308,936,936,0,1,2,4,1956,2000,5868,NAmes,TA,TA,TA,Attchd,GasA,Y,129000
7,1431,2,666,1431,1431,0,2,3,6,1999,1999,9017,CollgCr,Gd,Gd,Gd,Attchd,GasA,Y,192000
6,1199,2,530,1199,1199,0,2,2,5,1993,1993,7892,SawyerW,Gd,Gd,Gd,Attchd,GasA,Y,153900
7,1340,2,396,1340,1340,0,2,3,6,2007,2007,8899,Gilbert,Gd,Gd,Gd,Attchd,GasA,Y,181134
4,864,2,400,864,864,0,1,2,4,1951,1951,19138,Gilbert,TA,TA,TA,Detchd,GasA,Y,141000
6,1604,2,470,926,926,678,2,3,7,1997,1998,10839,Gilbert,TA,TA,Gd,Attchd,GasA,Y,181000
7,1352,2,466,1352,1352,0,2,2,5,2006,2007,4230,Somerst,Gd,Gd,Ex,Attchd,GasA,Y,208900
5,1252,2,576,504,936,316,1,3,5,1908,1991,7438,BrkSide,TA,TA,Fa,Attchd,GasA,Y,127000
7,2046,3,871,998,1006,1040,2,3,8,2003,2004,10625,NridgHt,Gd,Gd,Gd,BuiltIn,GasA,Y,284000
5,3086,0,0,1598,1636,971,3,3,12,1946,1994,18030,ClearCr,Ex,TA,TA,,GasA,Y,200500
4,952,1,283,952,952,0,1,2,4,1956,1956,8475,NAmes,TA,TA,TA,Detchd,GasA,Y,135750
8,1636,3,865,1623,1636,0,2,3,8,2006,2006,13501,Somerst,Gd,Gd,Gd,Attchd,GasA,Y,255000
6,1136,1,384,1136,1136,0,1,3,5,1965,1965,9200,NAmes,TA,TA,TA,Attchd,GasA,Y,140000
5,1904,1,240,1208,1136,768,1,3,7,1950,1982,7200,NAmes,TA,TA,TA,Attchd,GasA,Y,138000
7,1928,2,434,847,847,1081,2,4,8,2003,2004,8200,CollgCr,Gd,Gd,Gd,BuiltIn,GasA,Y,219500
8,2520,3,796,1338,1352,1168,2,5,10,1993,1993,14541,NoRidge,Gd,Gd,Gd,Attchd,GasA,Y,310000
5,882,1,308,0,882,0,1,2,4,1956,1956,12702,OldTown,TA,TA,,Detchd,GasA,Y,97000
6,1176,2,528,816,816,0,1,3,6,1934,1950,6240,BrkSide,TA,TA,TA,Detchd,GasA,Y,114500
7,2110,2,463,948,1222,888,2,3,8,1994,2002,8880,SawyerW,Gd,Gd,Gd,Attchd,GasA,Y,205000
5,950,1,280,950,950,0,1,3,5,1971,1971,9758,NAmes,TA,TA,TA,Detchd,GasA,Y,119500
8,2042,3,1390,2042,2042,0,2,3,8,2008,2009,12704,NridgHt,Ex,Ex,Ex,Attchd,GasA,Y,253293
5,988,2,572,988,988,0,1,3,5,1961,1961,9945,Sawyer,TA,TA,TA,Detchd,GasA,Y,128500
6,2210,1,205,1008,1178,1032,2,5,8,1880,1950,9900,OldTown,Fa,TA,TA,Detchd,GasW,Y,117500
5,912,1,288,912,912,0,1,2,5,1964,1964,7800,NAmes,TA,TA,TA,Attchd,GasA,Y,115000
5,955,1,386,955,955,0,1,3,6,1966,1966,7742,Sawyer,TA,TA,TA,Attchd,GasA,Y,127000
10,2296,3,842,1722,1728,568,2,3,10,2008,2008,13478,NridgHt,Ex,Ex,Ex,BuiltIn,GasA,Y,451950
5,1524,1,315,874,874,650,1,3,7,1958,1958,11344,NAmes,TA,TA,TA,Attchd,GasW,Y,144000
5,988,1,276,876,988,0,1,3,6,1950,1950,7200,NAmes,TA,TA,TA,Attchd,GasA,Y,119000
6,1567,2,714,1567,1567,0,2,2,5,1977,1977,9819,Mitchel,Gd,TA,TA,Attchd,GasA,Y,196000
5,1304,1,336,264,616,688,1,3,4,1976,1976,2665,MeadowV,TA,TA,Gd,BuiltIn,GasA,Y,115000
8,2898,2,665,1565,2898,0,2,2,10,1976,1976,15498,Timber,Gd,Gd,Gd,Attchd,GasA,Y,287000
6,848,2,420,848,848,0,1,1,4,2004,2004,4438,CollgCr,Gd,Gd,Gd,Attchd,GasA,Y,144500
7,1734,2,660,1734,1734,0,2,3,7,2005,2005,11645,CollgCr,Gd,Gd,Gd,Attchd,GasA,Y,260000
7,1775,2,425,740,1006,769,2,3,7,1993,1993,9317,SawyerW,Gd,Gd,Gd,Attchd,GasA,Y,213000
5,1126,2,540,1126,1126,0,2,3,6,1977,1977,15611,NWAmes,Ex,TA,Gd,Attchd,GasA,Y,175000
6,1117,2,672,1029,1117,0,1,3,6,1976,1976,7819,Edwards,TA,TA,TA,Detchd,GasA,Y,107000
5,827,1,392,0,827,0,1,2,5,1955,2007,7200,NAmes,TA,TA,,Detchd,GasA,Y,107500
4,520,1,240,520,520,0,1,1,4,1927,1950,6324,BrkSide,Fa,TA,TA,Detchd,GasA,N,68500
5,1246,1,305,1246,1246,0,1,3,6,1959,1994,7500,NAmes,Gd,TA,TA,Attchd,GasA,Y,154000
8,2473,3,852,1143,1143,1330,2,4,9,2004,2005,9591,NridgHt,Gd,Gd,Ex,BuiltIn,GasA,Y,317000
9,1506,2,592,1498,1506,0,2,2,6,2008,2008,14587,Somerst,Ex,Gd,Gd,Attchd,GasA,Y,264132
8,1776,3,712,1732,1776,0,2,3,7,2006,2007,15306,Timber,Gd,Gd,Ex,Attchd,GasA,Y,283463
6,2158,2,576,1202,2158,0,2,4,7,1950,2001,12615,Edwards,Gd,TA,TA,Attchd,GasA,Y,243000
5,1034,1,240,735,735,299,1,2,5,1940,1950,10134,OldTown,TA,TA,TA,Detchd,GasA,Y,109000
8,2262,3,749,1482,1482,780,2,4,10,2003,2003,12244,Timber,Gd,Gd,Gd,Attchd,GasA,Y,305000
5,974,0,0,974,974,0,1,3,5,1991,1992,10712,Mitchel,TA,TA,Gd,,GasA,Y,93500
6,1458,2,440,729,729,729,2,2,5,1999,1999,3230,Somerst,TA,TA,Gd,Detchd,GasA,Y,176000
5,1535,2,400,0,1535,0,2,4,8,1979,1979,7018,SawyerW,TA,TA,,Attchd,GasA,Y,118858
5,1211,1,322,952,1211,0,1,3,5,1968,1968,8250,Sawyer,TA,TA,TA,Attchd,GasA,Y,134000
4,907,1,352,907,907,0,1,3,5,1957,1957,8593,NAmes,TA,TA,TA,Detchd,GasA,Y,109008
3,1040,2,400,0,1040,0,2,2,6,1950,1950,8544,NAmes,TA,TA,,Detchd,GasA,N,93500
9,2364,3,820,2330,2364,0,2,2,11,2009,2010,12919,NridgHt,Ex,Ex,Ex,Attchd,GasA,Y,611657
6,1291,2,431,1291,1291,0,1,2,6,1996,1997,2887,ClearCr,Gd,TA,Gd,Attchd,GasA,Y,173000
8,2392,3,870,1396,1407,985,2,3,7,1997,1998,9452,NoRidge,Gd,Gd,Gd,Attchd,GasA,Y,348000
7,2418,3,983,1311,1325,1093,2,3,9,1993,1994,10542,NoRidge,Gd,Gd,Gd,Attchd,GasA,Y,341000
5,1150,1,300,1150,1150,0,1,3,6,1959,1959,7945,NAmes,TA,TA,TA,Attchd,GasA,Y,141000
5,780,1,352,780,780,0,1,2,4,1972,1972,7200,CollgCr,TA,TA,TA,Detchd,GasA,Y,124900
6,987,1,264,483,483,504,1,2,5,1972,2007,1680,BrDale,Gd,TA,TA,Detchd,GasA,Y,118000
5,1077,1,338,961,1077,0,1,2,6,1920,1950,8967,IDOTRR,TA,TA,Fa,Detchd,GasA,Y,67000
5,988,2,520,988,988,0,1,2,4,1954,1954,21750,Mitchel,TA,TA,TA,Attchd,GasA,Y,113000
5,886,1,273,190,886,0,1,2,4,1938,1996,5784,OldTown,TA,TA,Fa,Attchd,GasA,Y,91300
6,1400,2,440,672,672,728,1,3,6,1978,1978,7844,Sawyer,TA,TA,TA,Attchd,GasA,Y,149500
4,1573,1,240,884,989,584,1,3,6,1935,1995,6120,BrkSide,Gd,TA,TA,Detchd,GasA,Y,133000
8,1939,3,1053,1095,1095,844,2,3,8,2006,2006,10728,Somerst,Gd,Gd,Gd,Attchd,GasA,Y,266000
7,1453,2,445,1453,1453,0,1,2,6,1986,1986,5271,ClearCr,Gd,TA,Gd,Attchd,GasA,Y,190000
6,848,2,420,848,848,0,1,1,3,2004,2004,4435,CollgCr,Gd,Gd,Gd,Attchd,GasA,Y,155900
7,1456,2,440,728,728,728,2,3,8,2006,2006,11103,CollgCr,Gd,Gd,Gd,Attchd,GasA,Y,155835
5,1559,2,812,1559,1559,0,1,2,5,1948,1973,8100,OldTown,TA,TA,TA,Detchd,GasA,Y,153500
5,1620,2,462,780,780,840,2,4,7,1969,1969,10793,NWAmes,TA,TA,TA,Attchd,GasA,Y,152000
5,816,1,264,816,816,0,1,2,5,1982,1982,8314,Mitchel,TA,TA,TA,Attchd,GasA,Y,124500
7,2730,2,576,1502,1553,1177,2,4,8,1986,1987,10380,SawyerW,Gd,Gd,TA,Attchd,GasA,Y,301000
4,1768,0,0,1768,1768,0,2,4,8,1968,1968,10778,Sawyer,TA,TA,TA,,GasA,N,136500
6,1316,2,397,1316,1316,0,2,3,6,2005,2006,10237,Gilbert,Gd,Gd,Gd,Attchd,GasA,Y,169990
7,1548,2,672,952,952,596,2,3,5,1925,2007,7264,BrkSide,Ex,Gd,TA,Detchd,GasW,N,205000
7,1452,2,506,691,713,739,2,3,6,1999,1999,3735,Somerst,Gd,Gd,Gd,Detchd,GasA,Y,183900
7,1498,2,675,1498,1498,0,2,2,5,2006,2006,8990,CollgCr,Gd,Gd,Gd,Attchd,GasA,Y,204900
7,2353,2,484,845,1153,1200,2,4,10,1980,1980,13005,NWAmes,Ex,Gd,Gd,Attchd,GasA,Y,260000
6,1657,2,484,1657,1657,0,2,3,7,1970,1970,12155,NAmes,TA,TA,Gd,Attchd,GasA,Y,163500
7,1768,2,543,884,884,884,2,3,8,2003,2003,8158,CollgCr,Gd,Gd,Gd,Attchd,GasA,Y,224900
7,2223,2,516,2223,2223,0,2,3,8,1973,1973,13651,NAmes,TA,TA,Gd,Attchd,GasA,Y,244000
7,854,2,576,832,854,0,1,2,5,1929,2001,6120,BrkSide,TA,TA,TA,Detchd,GasA,Y,132000
5,1432,2,588,1360,1432,0,1,2,5,1978,1978,16157,Veenker,Gd,TA,Gd,Attchd,GasA,Y,194000
6,1478,2,442,1478,1478,0,1,3,6,1957,1957,8400,NAmes,TA,TA,TA,Attchd,GasA,Y,156500
6,1026,2,440,1026,1026,0,1,3,5,1969,2005,7930,NAmes,Gd,TA,TA,Detchd,GasA,Y,156000
8,1742,2,564,1742,1742,0,2,2,5,1985,1985,6563,StoneBr,Gd,Gd,Gd,Attchd,GasA,Y,275000
5,990,2,672,990,990,0,1,3,5,1994,1995,9245,CollgCr,TA,TA,Gd,Detchd,GasA,Y,145000
5,2080,2,504,1040,1040,1040,1,5,9,1969,1969,11606,NAmes,Fa,TA,Gd,Attchd,GasA,Y,135000
2,800,0,0,264,800,0,1,1,4,1936,1950,6120,BrkSide,Fa,Fa,TA,,Grav,N,60000
5,1040,0,0,1040,1040,0,2,3,5,1978,1978,8430,CollgCr,TA,TA,Gd,,GasA,Y,124000
5,1040,1,260,1040,1040,0,1,3,6,1962,2010,6897,Sawyer,TA,TA,TA,Detchd,GasA,Y,127000
5,1513,1,180,939,939,574,1,4,8,1920,2004,6120,BrkSide,TA,TA,TA,Detchd,GasA,Y,137500
7,1797,2,639,939,939,858,2,3,8,2006,2006,9245,CollgCr,Gd,Gd,Gd,Attchd,GasA,Y,213500
5,804,1,240,788,804,0,1,2,4,1940,1992,7200,OldTown,Gd,TA,TA,Attchd,GasA,Y,119000
4,901,1,281,901,901,0,1,2,4,1954,2000,6000,OldTown,TA,TA,TA,Detchd,GasA,Y,107900
4,872,4,480,858,872,0,1,3,5,1971,1971,8294,NAmes,TA,TA,TA,Detchd,GasA,Y,123000
6,1902,2,539,0,1318,584,2,4,8,1978,1978,8930,Sawyer,TA,TA,,Attchd,GasA,Y,112000
8,1629,3,880,3206,1629,0,2,3,7,2003,2004,10655,NridgHt,Gd,Gd,Gd,Attchd,GasA,Y,284000
7,767,1,367,723,767,0,1,1,4,1998,1998,4058,NAmes,TA,TA,Gd,Attchd,GasA,Y,133000
6,848,2,420,848,848,0,1,1,3,2004,2004,4438,CollgCr,Gd,Gd,Gd,Attchd,GasA,Y,149000
6,1600,2,460,916,916,684,2,3,7,1997,1997,8773,Gilbert,TA,TA,Gd,Attchd,GasA,Y,169000
6,1848,2,370,833,1053,795,1,4,8,1923,2000,13053,BrkSide,Gd,TA,TA,Detchd,GasA,Y,207000
6,1412,2,576,1392,1412,0,2,3,6,1988,1988,11457,Timber,Gd,TA,Gd,Attchd,GasA,Y,175000
5,935,1,288,935,935,0,1,3,5,1965,1965,13526,Sawyer,TA,TA,TA,Attchd,GasA,Y,137000
7,2256,2,554,952,980,1276,2,4,8,2000,2000,8795,Gilbert,Gd,Gd,Gd,BuiltIn,GasA,Y,236000
5,935,1,308,742,779,0,1,2,4,1930,1960,9100,BrkSide,TA,TA,TA,Detchd,GasA,Y,79500
5,1099,1,352,1099,1099,0,1,3,6,1995,2006,9525,CollgCr,Gd,TA,Gd,Attchd,GasA,Y,144000
7,1664,2,528,832,832,832,2,4,8,1976,1976,10140,NWAmes,TA,TA,Gd,Attchd,GasA,Y,162900
7,1582,2,520,770,770,812,2,3,6,2004,2004,8320,CollgCr,Gd,Gd,Gd,Attchd,GasA,Y,185900
8,2028,3,880,1868,2028,0,2,2,7,2005,2006,11443,Timber,Gd,Gd,Ex,Attchd,GasA,Y,369900
7,1779,2,546,866,866,913,2,3,6,1998,1998,10400,CollgCr,Gd,TA,Gd,Attchd,GasA,Y,197900
6,2229,0,0,755,929,929,1,5,8,1912,1950,5520,OldTown,TA,TA,TA,,GasA,Y,104000
2,480,1,308,480,480,0,0,1,4,1949,1950,9000,IDOTRR,TA,TA,TA,Detchd,GasA,N,35311
10,1718,3,786,1700,1718,0,2,3,7,2006,2007,12456,NridgHt,Ex,Ex,Ex,Attchd,GasA,Y,337500
9,1702,3,1052,1702,1702,0,1,1,7,2008,2008,8769,NridgHt,Ex,Ex,Ex,Attchd,GasA,Y,367294
5,938,1,308,938,938,0,1,3,5,1975,1980,9200,CollgCr,TA,TA,Gd,Detchd,GasA,Y,130250
7,1654,3,900,1654,1654,0,2,3,6,2002,2002,8125,CollgCr,Gd,Gd,Gd,Attchd,GasA,Y,230000
10,4316,3,832,2444,2444,1872,3,4,10,1994,1995,21535,NoRidge,Ex,Ex,Ex,Attchd,GasA,Y,755000
8,2794,3,810,1462,1490,1304,2,4,9,1995,1996,15138,NoRidge,Ex,Gd,Gd,Attchd,GasA,Y,403000
5,928,1,252,928,928,0,1,2,4,1956,2000,13300,NAmes,TA,TA,Gd,Attchd,GasA,Y,132000
6,1732,2,476,741,977,755,2,3,7,1985,1985,9206,SawyerW,Gd,Gd,Gd,Attchd,GasA,Y,178000
6,1694,2,576,1181,1390,304,2,4,7,1925,1950,8400,SWISU,TA,TA,TA,Detchd,GasA,Y,136500
5,1056,2,572,1056,1056,0,1,3,5,1955,1955,34650,Gilbert,TA,TA,TA,Attchd,GasA,N,145000
5,900,1,288,864,900,0,1,3,6,1967,1967,7838,NAmes,TA,TA,TA,Attchd,GasA,Y,123000
7,2057,1,180,1017,1020,1037,1,3,6,1936,1987,11500,Crawfor,Gd,Gd,Gd,Attchd,GasA,Y,250000
7,1430,2,605,1413,1430,0,2,3,6,2001,2002,16285,CollgCr,Gd,Gd,Gd,Attchd,GasA,Y,187100
5,768,1,396,768,768,0,1,2,5,1972,2003,7200,CollgCr,TA,TA,Gd,Detchd,GasA,Y,133900
3,864,0,0,864,864,0,1,2,5,1914,1950,8248,Edwards,TA,TA,TA,,GasA,N,67000
4,1180,1,252,700,1180,0,1,2,5,1922,1950,11600,Crawfor,Fa,TA,Fa,Detchd,GasA,Y,137500
6,1348,2,453,660,660,688,1,3,6,1966,1966,7590,NAmes,TA,TA,TA,Attchd,GasA,Y,155000
6,2515,2,484,2035,2515,0,3,4,9,1957,1975,32668,Crawfor,TA,Gd,TA,Attchd,GasA,Y,200624
5,2274,2,480,1105,1105,1169,2,5,12,1960,1960,11600,NAmes,TA,TA,TA,Detchd,GasA,Y,154300
3,1077,1,210,1007,1077,0,1,3,6,1922,1950,9786,IDOTRR,TA,TA,TA,Detchd,GasA,N,91000
5,1792,0,0,896,896,896,2,4,8,1974,1974,9000,NAmes,TA,TA,Gd,,GasA,Y,136000
4,1258,2,400,1198,1258,0,0,0,6,1969,1969,12900,Sawyer,TA,TA,Gd,CarPort,GasA,Y,108959
6,1375,2,451,1367,1375,0,1,2,5,1954,1954,11310,NAmes,TA,TA,TA,Attchd,GasA,Y,140000
4,605,0,0,528,605,0,1,2,5,1920,2002,9098,Edwards,TA,TA,TA,,GasA,Y,86000
5,1144,1,264,864,1144,0,1,3,6,1961,1983,10000,Sawyer,TA,TA,TA,Attchd,GasA,Y,131400
8,1234,2,484,1234,1234,0,2,3,7,2007,2007,11049,CollgCr,Gd,Gd,Ex,Attchd,GasA,Y,179900
6,1056,2,576,1056,1056,0,0,0,4,1980,1980,6979,OldTown,TA,TA,TA,Detchd,GasA,Y,144000
8,1646,3,800,1638,1646,0,2,3,7,2007,2008,9520,Timber,Gd,Gd,Gd,Attchd,GasA,Y,293077
5,1526,1,364,1216,1526,0,1,4,7,1957,2002,8562,Edwards,TA,TA,TA,Basment,GasA,Y,144500
5,1216,1,336,832,832,384,1,2,6,1947,1950,8480,NAmes,TA,TA,TA,Detchd,GasA,Y,118500
5,1800,0,0,1800,1800,0,2,6,10,1961,1961,8000,NAmes,TA,TA,TA,,GasA,N,141000
7,1950,2,576,975,975,975,2,3,7,1997,1998,7399,Somerst,Gd,Gd,Gd,Detchd,GasA,Y,239000
8,2574,3,868,1482,1482,1092,2,3,10,2007,2007,9588,CollgCr,Ex,Gd,Ex,BuiltIn,GasA,Y,276000
9,2868,3,716,1992,1992,876,3,4,11,2005,2006,16056,StoneBr,Ex,Gd,Ex,BuiltIn,GasA,Y,556581
7,2403,1,349,1032,1207,1196,2,4,10,1940,1950,24090,ClearCr,TA,TA,TA,Attchd,GasA,Y,244400
9,1944,3,708,1896,1944,0,2,3,8,2003,2004,12378,NridgHt,Ex,Gd,Ex,Attchd,GasA,Y,360000
4,882,0,0,882,882,0,1,1,4,1956,1956,5500,OldTown,TA,TA,TA,,GasA,Y,103200
5,1522,0,0,1008,1008,0,2,4,7,1926,1950,6000,SWISU,TA,TA,TA,,GasA,Y,102000
6,1556,2,452,716,716,840,2,3,6,1980,1980,1950,Blueste,TA,TA,Gd,Attchd,GasA,Y,151000
8,2872,2,541,1683,2129,743,2,4,9,1992,2000,10678,NoRidge,Gd,Gd,Gd,Attchd,GasA,Y,285000
4,1588,2,680,0,1120,468,2,4,7,1959,1959,17120,ClearCr,TA,TA,,Detchd,GasA,Y,134432
6,1487,1,220,735,798,689,1,3,7,1945,1950,8741,Edwards,TA,TA,TA,Detchd,GasA,Y,113000
7,1717,2,400,1156,1187,530,2,3,7,1990,1991,13758,Timber,Gd,Gd,Gd,Attchd,GasA,Y,187500
5,1360,1,297,803,803,557,1,2,6,1938,1995,7200,IDOTRR,Gd,TA,TA,Detchd,GasA,Y,125500
6,1573,2,440,756,769,804,2,3,5,2000,2000,2117,Somerst,Gd,Gd,Gd,Detchd,GasA,Y,177500
5,1265,2,502,1219,1265,0,2,3,6,1965,1999,9350,NAmes,Gd,TA,TA,Attchd,GasA,Y,179900
5,1044,2,504,540,1044,0,1,2,4,1952,1952,8712,IDOTRR,Fa,Fa,TA,Basment,GasA,N,55993
5,954,2,576,911,954,0,1,3,6,1976,1976,10780,CollgCr,TA,TA,TA,Detchd,GasA,Y,132500
7,1389,1,240,651,707,682,1,3,6,1946,1992,3378,OldTown,TA,TA,TA,Detchd,GasA,Y,135000
8,1989,2,586,1065,1091,898,2,3,7,2002,2002,11367,CollgCr,Gd,Gd,Gd,Attchd,GasA,Y,255000
7,1710,2,480,576,902,808,2,3,9,1921,1950,10300,OldTown,TA,TA,TA,Detchd,GasA,Y,140000
8,1689,3,857,1568,1689,0,2,3,7,2002,2002,13265,Mitchel,Gd,Gd,Gd,Attchd,GasA,Y,271000
7,1500,3,648,1356,1500,0,2,2,6,2006,2006,4045,Blmngtn,Gd,Gd,Gd,Attchd,GasA,Y,246578
7,1368,2,474,1368,1368,0,2,2,6,2005,2006,6955,NridgHt,Gd,Gd,Gd,Attchd,GasA,Y,202500
4,1092,1,286,546,546,546,1,3,6,1970,1970,2001,MeadowV,TA,TA,TA,Attchd,GasA,Y,75000
5,1365,2,440,765,765,600,1,2,6,1971,1971,1920,BrDale,TA,TA,TA,Detchd,GasA,Y,122500
5,1073,1,326,1073,1073,0,1,2,4,1921,1968,5400,OldTown,TA,TA,TA,Detchd,GasA,Y,108480
5,1308,1,256,728,976,332,1,2,7,1940,1950,9600,Crawfor,TA,Gd,TA,Detchd,GasA,Y,160000
6,1118,1,358,1096,1118,0,1,3,6,1977,1977,9880,Mitchel,TA,TA,TA,Attchd,GasA,Y,171000
6,1306,2,624,1306,1306,0,2,1,5,2005,2005,5381,NridgHt,Gd,Gd,Gd,Attchd,GasA,Y,196000
5,2008,1,230,896,1112,896,3,3,8,1948,2002,7800,Edwards,Ex,TA,TA,Attchd,GasA,Y,225000
8,1247,2,550,1247,1247,0,1,1,4,2005,2005,3316,Somerst,Gd,Gd,Gd,Attchd,GasA,Y,197000
4,1317,1,250,649,649,668,1,3,6,1920,1950,8500,IDOTRR,TA,TA,TA,Detchd,GasA,N,40000
8,1739,2,480,970,983,756,2,3,7,1999,2000,2645,Somerst,Gd,Gd,Gd,Attchd,GasA,Y,172500
5,1343,1,186,731,820,523,1,3,7,1921,1950,7681,Crawfor,TA,TA,TA,Detchd,GasA,Y,154900
7,1533,2,576,1533,1533,0,2,2,5,1975,1975,70761,ClearCr,Gd,TA,Gd,Attchd,GasA,Y,280000
7,1446,2,406,729,729,717,2,3,6,1996,1997,21872,Gilbert,TA,TA,Gd,Attchd,GasA,Y,175000
5,1344,1,468,672,672,672,1,3,6,1920,1997,10690,IDOTRR,TA,TA,TA,Detchd,GasA,Y,147000
8,2630,3,696,1470,1470,1160,2,4,8,1998,1998,9200,NoRidge,Gd,Gd,Gd,Attchd,GasA,Y,315000
7,1337,2,531,1337,1337,0,2,3,6,2003,2003,8450,CollgCr,Gd,Gd,Gd,Attchd,GasA,Y,185000
5,980,1,384,980,980,0,2,3,6,1967,1967,9750,NAmes,TA,TA,TA,Attchd,GasA,Y,135500
8,2020,2,466,1128,1142,878,2,3,8,1995,1995,9828,SawyerW,Gd,Gd,Gd,Attchd,GasA,Y,239500
5,1121,2,480,1121,1121,0,1,3,5,1963,1963,8816,Sawyer,TA,TA,TA,Detchd,GasA,Y,139000
6,1595,1,240,940,1192,403,1,2,6,1940,2000,8400,SWISU,TA,TA,TA,Attchd,GasA,Y,140000
5,892,1,264,864,892,0,1,3,5,1966,1966,9477,NAmes,TA,TA,TA,Attchd,GasA,Y,110000
7,2243,3,746,700,1122,1121,2,4,8,1990,1991,13474,SawyerW,Gd,Gd,Gd,Attchd,GasA,Y,225000
6,1285,2,528,660,1285,0,1,3,7,1977,1977,8197,Sawyer,TA,TA,TA,Attchd,GasA,Y,143500
4,1225,0,0,950,1225,0,1,3,6,1959,1959,9320,NAmes,TA,TA,TA,,GasA,Y,128950
6,1471,2,440,729,742,729,2,3,6,1999,1999,3230,Somerst,TA,TA,Gd,Detchd,GasA,Y,172500
7,1363,2,439,1385,1363,0,1,2,5,1954,2005,39104,ClearCr,TA,TA,Gd,Attchd,GasA,Y,241500
8,1566,2,750,1566,1566,0,2,3,7,2008,2008,9000,Somerst,Gd,Gd,Gd,Attchd,GasA,Y,262500
7,1402,3,648,1258,1402,0,0,2,7,2006,2007,3922,Blmngtn,Gd,Gd,Ex,Attchd,GasA,Y,194201
5,1144,1,796,1144,1144,0,1,3,6,1959,1959,8163,NAmes,TA,TA,TA,Attchd,GasA,Y,143000
5,1352,1,288,1062,1352,0,1,3,6,1958,1958,6930,ClearCr,Gd,TA,TA,BuiltIn,GasA,Y,130000
5,1734,2,539,0,1302,432,2,4,8,1977,1977,10125,Mitchel,Gd,TA,,Attchd,GasA,Y,126000
5,894,2,440,864,894,0,1,3,5,1974,1974,13350,Sawyer,TA,TA,TA,Attchd,GasA,Y,142500
8,1324,2,550,1324,1324,0,2,2,6,2006,2006,6240,NridgHt,Gd,Gd,Gd,Attchd,GasA,Y,254000
5,1647,2,621,1430,1647,0,2,3,7,1977,1977,12984,Crawfor,Gd,TA,Gd,Attchd,GasA,Y,217500
5,1131,1,200,676,676,455,1,3,5,1941,1950,5720,OldTown,TA,TA,TA,Detchd,GasA,Y,66500
8,1466,3,610,1466,1466,0,2,3,7,2007,2007,8925,Timber,Gd,Gd,Gd,Attchd,GasA,Y,201000
6,1215,1,297,1215,1215,0,1,3,6,1958,1998,12400,NAmes,TA,TA,TA,Attchd,GasA,Y,155000
4,1128,2,528,698,698,430,1,2,6,1920,1950,7500,IDOTRR,TA,TA,TA,Detchd,GasA,Y,68400
4,968,1,216,656,968,0,2,4,5,1927,2007,10800,OldTown,TA,TA,TA,Detchd,GasA,Y,64500
6,1632,2,484,800,800,832,1,4,7,1966,2000,9130,NWAmes,Gd,TA,TA,Attchd,GasA,Y,173000
4,1178,1,384,859,859,319,1,2,7,1900,1950,8712,IDOTRR,TA,TA,TA,Detchd,GasA,Y,102776
4,930,1,308,0,930,0,1,2,6,1946,2006,11100,Edwards,Gd,TA,,Detchd,GasA,Y,84900
6,1501,2,420,697,697,804,2,3,6,1993,1994,7685,Gilbert,Gd,TA,Gd,Attchd,GasA,Y,165600
6,864,1,288,864,864,0,1,2,4,1959,1959,7332,NAmes,Gd,TA,TA,Attchd,GasA,Y,120000
4,1229,1,284,1134,1229,0,1,3,6,1956,1956,17140,Edwards,TA,TA,TA,Attchd,GasA,Y,135000
8,1915,2,506,908,927,988,2,3,8,1992,1992,10041,SawyerW,Gd,Gd,Gd,Attchd,GasA,Y,220000
6,1396,1,384,698,698,698,1,3,7,1915,2003,8730,BrkSide,TA,TA,TA,Detchd,GasA,Y,153575
7,1208,2,628,1208,1208,0,2,2,6,2007,2007,6762,CollgCr,Gd,Gd,Gd,Attchd,GasA,Y,195400
6,996,2,564,936,996,0,1,2,5,1992,1992,9069,SawyerW,Gd,TA,Gd,Attchd,GasA,Y,147000
7,2062,2,454,1157,1180,882,2,3,7,1988,1989,14364,SawyerW,TA,Gd,Gd,Attchd,GasA,Y,277000
6,923,1,264,923,923,0,2,2,5,1980,1980,8012,SawyerW,TA,TA,Gd,Attchd,GasA,Y,143000
6,720,2,484,624,720,0,1,2,5,1928,2003,8520,OldTown,TA,TA,TA,Detchd,GasA,Y,105900
7,2978,2,564,710,1898,1080,2,5,11,1967,2007,11275,NAmes,Gd,Gd,Gd,BuiltIn,GasA,Y,242000
7,1744,2,457,996,1014,730,2,3,7,1993,2003,9453,SawyerW,Gd,Gd,Gd,Attchd,GasA,Y,194500
10,2945,3,641,1410,1426,1519,3,3,10,2006,2006,13682,StoneBr,Gd,Ex,Ex,BuiltIn,GasA,Y,438780
6,1876,2,540,901,943,933,2,4,8,1974,1974,9120,NWAmes,Gd,Gd,TA,Attchd,GasA,Y,185000
5,1347,0,0,1117,820,527,1,3,5,1910,1991,7000,Edwards,TA,TA,Gd,,GasA,Y,107500
6,1431,1,296,1099,1431,0,1,3,6,1962,1962,9150,NAmes,TA,TA,Gd,Basment,GasA,Y,165000
6,1137,2,551,1112,1137,0,2,2,5,1987,1987,13811,Timber,Gd,TA,Gd,Attchd,GasA,Y,176000
5,1060,2,572,1040,1060,0,1,3,6,1976,1976,4224,MeadowV,TA,TA,Gd,Attchd,GasA,Y,129900
5,789,1,250,789,789,0,1,2,5,1948,1950,6000,OldTown,TA,TA,TA,Detchd,GasA,Y,115000
5,1838,2,372,732,734,1104,2,4,7,2005,2005,21930,Gilbert,TA,Gd,Gd,BuiltIn,GasA,Y,192140
7,1472,2,402,384,802,670,2,3,7,1991,1992,10784,Gilbert,Gd,Gd,Gd,Attchd,GasA,Y,160000
5,1505,1,240,883,988,517,1,3,8,1940,1982,9144,BrkSide,TA,TA,TA,Detchd,GasA,Y,145000
5,691,1,216,691,691,0,1,2,4,1920,1950,5400,OldTown,Ex,TA,Fa,Detchd,GasA,Y,86000
5,1159,1,336,1051,1159,0,1,3,7,1968,1968,11553,Sawyer,TA,TA,TA,Attchd,GasA,Y,158000
6,1069,2,440,1069,1069,0,2,2,4,1977,1977,4043,NPkVill,TA,TA,Gd,Attchd,GasA,Y,127500
6,1224,1,210,818,818,406,1,3,5,1926,2004,3950,OldTown,TA,TA,TA,Detchd,GasA,Y,115000
5,1302,1,264,630,630,672,2,3,6,1972,1972,1680,BrDale,TA,TA,TA,Detchd,GasA,Y,119500
6,1603,2,484,761,810,793,2,3,7,1992,1992,7153,SawyerW,Gd,Gd,Gd,Attchd,GasA,Y,175900
8,2090,2,556,1220,1220,870,2,3,8,1995,1996,10000,CollgCr,Gd,Gd,Gd,Attchd,GasA,Y,240000
8,1973,3,895,1935,1973,0,2,3,9,2006,2006,14226,NridgHt,Gd,Gd,Gd,Attchd,GasA,Y,395000
6,1208,2,546,1208,1208,0,1,3,6,1977,1977,11250,Veenker,TA,Gd,Gd,Attchd,GasA,Y,165000
5,894,1,308,894,894,0,1,3,5,1976,1976,10650,CollgCr,TA,TA,TA,Attchd,GasA,Y,128200
7,1644,2,569,1518,1644,0,2,2,5,1989,1989,12800,SawyerW,Gd,Gd,Gd,Attchd,GasA,Y,275000
7,1726,3,786,1726,1726,0,2,3,8,2007,2007,9416,Somerst,Ex,Ex,Ex,Attchd,GasA,Y,311872
6,1933,3,668,894,894,1039,2,4,9,2007,2007,14598,Somerst,Gd,Gd,Gd,BuiltIn,GasA,Y,214000
6,1337,2,405,1237,1337,0,2,2,5,1998,1998,4500,Mitchel,TA,TA,Ex,Attchd,GasA,Y,153500
6,848,2,420,848,848,0,1,1,4,2003,2004,4435,CollgCr,Gd,Gd,Gd,Attchd,GasA,Y,144000
4,1005,2,672,1005,1005,0,1,2,5,1955,1955,10434,NAmes,Fa,TA,TA,Detchd,GasA,Y,115000
7,1430,2,400,384,774,656,2,3,7,2000,2000,7750,Gilbert,TA,TA,Gd,BuiltIn,GasA,Y,180000
10,2076,3,850,2076,2076,0,2,2,7,2006,2006,13891,NridgHt,Ex,Ex,Ex,Attchd,GasA,Y,465000
8,1337,2,462,1337,1337,0,2,2,5,1993,1993,5395,StoneBr,Gd,Gd,Gd,Attchd,GasA,Y,180000
7,1971,2,689,1113,1113,858,2,3,8,2005,2005,9675,Somerst,Gd,Gd,Gd,Attchd,GasA,Y,253000
5,1112,1,336,536,536,576,1,3,4,1976,1976,2592,MeadowV,TA,TA,Gd,Attchd,GasA,Y,85000
4,1224,2,462,0,1224,0,2,2,6,1962,1962,9842,NAmes,TA,TA,,CarPort,GasA,Y,101800
5,1002,2,902,1002,1002,0,1,3,5,1970,1970,8750,NAmes,TA,TA,TA,Detchd,GasA,Y,148500
7,1709,2,380,970,970,739,2,3,7,2004,2004,2522,Edwards,Gd,Gd,Gd,Detchd,GasA,Y,137500
9,1869,2,617,1869,1869,0,2,2,6,2007,2007,7820,NridgHt,Ex,Ex,Ex,Attchd,GasA,Y,318061
5,1473,1,452,1437,1473,0,1,1,5,1968,2003,25095,ClearCr,Ex,TA,TA,Attchd,GasA,Y,143000
5,1558,1,288,913,1048,510,1,3,6,1945,1950,10930,NAmes,TA,TA,TA,Attchd,GasA,Y,140000
7,1776,2,474,936,936,840,2,3,7,2002,2002,14006,CollgCr,Gd,Gd,Gd,Attchd,GasA,Y,192500
5,630,0,0,630,630,0,1,1,3,1970,1970,1533,MeadowV,Ex,TA,Gd,,GasA,Y,92000
7,1576,2,614,770,778,798,2,3,6,2006,2006,8125,Somerst,Gd,Gd,Gd,Attchd,GasA,Y,197000
5,792,1,240,768,792,0,1,2,5,1924,2006,9022,OldTown,Gd,Gd,TA,Detchd,GasA,Y,109500
8,1718,3,826,1705,1718,0,2,3,7,2007,2008,10637,CollgCr,Gd,Gd,Ex,Attchd,GasA,Y,297000
6,1489,2,462,1489,1489,0,2,3,7,1968,1968,9156,NWAmes,Gd,TA,TA,Attchd,GasA,Y,185750
7,1840,2,622,944,944,896,2,3,6,2001,2001,12420,CollgCr,Gd,Gd,Gd,Attchd,GasA,Y,230000
4,1131,2,672,907,1131,0,1,2,7,1937,2000,5925,OldTown,TA,TA,Fa,Detchd,GasA,Y,89471
7,1530,2,430,1530,1530,0,2,3,7,2005,2005,16158,StoneBr,Gd,Gd,Ex,Attchd,GasA,Y,260000
7,1456,2,410,728,728,728,2,3,7,2005,2005,8199,CollgCr,Gd,Gd,Gd,Attchd,GasA,Y,189000
4,1510,1,296,755,755,755,1,4,7,1940,1950,9084,Edwards,TA,TA,TA,Detchd,GasA,Y,108000
4,864,2,463,864,864,0,1,3,5,1970,1970,8120,NAmes,TA,TA,TA,Detchd,GasA,Y,124500
5,1314,1,294,1314,1314,0,1,3,5,1957,1957,8400,NAmes,TA,TA,TA,Attchd,GasA,Y,145000
6,1571,2,380,799,799,772,2,3,7,1993,1994,7837,Gilbert,TA,Gd,Gd,Attchd,GasA,Y,178000
5,796,0,0,796,796,0,1,2,4,1910,1950,8777,Edwards,TA,TA,Fa,,GasA,Y,85000
5,1768,1,240,731,981,787,1,3,7,1937,1950,7200,SWISU,Gd,TA,Gd,Detchd,GasA,Y,175000
5,1691,1,308,1026,1026,665,2,3,6,1924,1950,5000,SWISU,Gd,TA,TA,Detchd,GasA,Y,127000
5,894,2,552,894,894,0,1,3,5,1972,1972,9800,CollgCr,TA,TA,TA,Attchd,GasA,Y,149900
6,1560,2,400,684,684,876,2,3,6,2005,2005,11911,Gilbert,Gd,Gd,Gd,BuiltIn,GasA,Y,174000
4,1154,1,240,796,796,358,1,3,7,1922,2007,5436,IDOTRR,Gd,TA,TA,Detchd,GasA,Y,125500
6,1422,2,576,1422,1422,0,2,3,7,1981,1981,12090,NWAmes,Gd,TA,Gd,Attchd,GasA,Y,175500
8,1496,2,474,1496,1496,0,2,3,7,2007,2007,9158,Somerst,Gd,Gd,Gd,Attchd,GasA,Y,225000
6,913,1,240,814,913,0,1,3,6,1966,1966,8400,Sawyer,TA,TA,TA,Detchd,GasA,Y,129000
5,1086,2,484,1024,1086,0,1,3,6,1966,1966,13400,NAmes,TA,TA,TA,Attchd,GasA,Y,159950
7,1601,2,478,1271,1601,0,2,3,7,1978,1978,11880,NWAmes,TA,TA,Gd,Attchd,GasA,Y,157000
7,1986,2,486,768,1186,800,2,3,7,1965,1990,13600,NAmes,TA,TA,TA,Attchd,GasA,Y,205000
7,1164,2,528,1164,1164,0,1,3,6,1969,1969,9600,NWAmes,TA,TA,TA,Attchd,GasA,Y,140000
6,2267,2,390,1010,1010,1257,2,4,8,2002,2002,8068,Gilbert,Gd,Gd,Gd,BuiltIn,GasA,Y,200000
6,2259,2,450,1809,2259,0,2,3,7,1953,1953,21000,Crawfor,Gd,TA,Gd,Basment,GasA,Y,217000
5,825,2,720,825,825,0,1,2,4,1955,1995,8235,OldTown,TA,TA,TA,Detchd,GasA,Y,125000
6,1426,2,440,690,698,728,1,3,6,1977,1977,7950,Edwards,TA,TA,TA,Attchd,GasA,Y,159500
6,1651,2,616,1606,1651,0,2,3,7,1986,1986,12416,Timber,TA,TA,Gd,Attchd,GasA,Y,184000
5,789,1,200,768,789,0,1,2,5,1926,1950,10594,Crawfor,TA,TA,TA,Detchd,Grav,N,96500
5,2634,4,968,1248,1338,1296,2,6,12,1969,1969,11643,NAmes,TA,TA,TA,Detchd,GasA,Y,200000
5,1576,1,225,1042,1042,534,1,3,8,1928,1950,6240,BrkSide,TA,TA,TA,Detchd,GasA,Y,149000
6,1484,2,393,783,783,701,2,3,8,2005,2007,10237,Gilbert,Gd,Gd,Gd,Attchd,GasA,Y,178900
7,1200,2,555,1176,1200,0,2,2,5,2003,2003,10083,SawyerW,Gd,Gd,Gd,Attchd,GasA,Y,184900
7,1250,2,528,625,625,625,2,2,5,2006,2007,4251,Somerst,Gd,Gd,Gd,Detchd,GasA,Y,164700
7,1902,2,567,1902,1902,0,2,3,7,1959,2002,17500,Crawfor,Ex,Gd,Gd,Attchd,GasA,Y,335000
3,1040,2,400,0,1040,0,2,2,6,1949,1950,8544,NAmes,TA,TA,,Detchd,Wall,N,87500
7,1502,2,644,1502,1502,0,2,3,7,2009,2009,9541,NridgHt,Gd,Gd,Gd,Attchd,GasA,Y,233170
5,1228,1,271,1228,1228,0,1,3,6,1966,2006,8544,Sawyer,Gd,TA,TA,Attchd,GasA,Y,149350
5,1268,1,288,832,1036,0,1,3,6,1949,1950,12144,NAmes,TA,Gd,TA,Attchd,GasA,Y,133000
5,864,0,0,864,864,0,1,2,5,1925,1950,5604,Edwards,TA,TA,TA,,GasA,N,98000
6,1686,2,612,1686,1686,0,2,3,7,1980,1980,10240,NWAmes,TA,TA,Gd,Attchd,GasA,Y,207500
4,1620,2,490,1281,1620,0,2,3,8,1976,1993,9991,Sawyer,TA,TA,TA,Attchd,GasA,Y,150000
5,858,2,576,858,858,0,1,2,5,1982,1982,7252,Sawyer,TA,TA,Gd,Detchd,GasA,Y,134900
7,1301,2,572,1293,1301,0,2,2,5,2006,2006,7200,Somerst,Gd,Gd,Gd,Attchd,GasA,Y,187750
6,1505,2,505,1505,1505,0,1,2,6,1953,1953,12160,NAmes,TA,TA,TA,Attchd,GasA,Y,149500
4,864,1,280,864,864,0,1,3,5,1970,1970,9353,NAmes,TA,TA,TA,Attchd,GasA,Y,116050
5,1224,2,528,1086,1224,0,0,2,6,1979,1979,7018,SawyerW,TA,TA,Gd,Detchd,GasA,Y,153337
5,1383,1,354,1383,1383,0,1,3,6,1954,1954,13284,Sawyer,TA,TA,Gd,Attchd,GasA,Y,165000
5,816,1,264,816,816,0,1,3,5,1982,2008,6600,Mitchel,Gd,Gd,TA,Attchd,GasA,Y,130500
7,1344,4,784,1344,1344,0,2,2,8,1997,1998,7060,Mitchel,TA,TA,Gd,Attchd,GasA,Y,206300
7,1392,2,540,689,703,689,2,2,5,2007,2007,3604,Somerst,Gd,Gd,Gd,Detchd,GasA,Y,146000
5,1065,2,461,1065,1065,0,1,3,6,1960,1960,8892,NAmes,TA,TA,TA,Detchd,GasA,Y,126500
5,1250,2,552,661,661,589,2,3,8,1910,2003,5362,Crawfor,TA,TA,TA,Detchd,GasA,Y,139000
4,1452,0,0,736,736,716,2,2,8,1920,2008,4456,OldTown,TA,TA,TA,,GasA,Y,113000
6,1096,0,0,572,572,524,1,2,5,1924,1950,9600,Edwards,TA,TA,TA,,Grav,N,79000
7,1428,2,480,1428,1428,0,2,3,6,2007,2008,11639,Somerst,Gd,Gd,Gd,Attchd,GasA,Y,182000
6,1658,2,431,773,773,885,2,3,8,1995,1996,8000,Gilbert,TA,TA,Gd,Attchd,GasA,Y,188000
5,864,2,720,864,864,0,1,3,5,1950,2002,7200,NAmes,Gd,TA,TA,Detchd,GasA,Y,129000
5,1928,0,0,686,948,980,2,5,10,1916,1995,7082,SWISU,TA,TA,TA,,GasA,Y,160000
6,1537,2,462,1319,1537,0,1,3,7,1962,2005,8400,NAmes,Gd,Gd,TA,Attchd,GasA,Y,174000
7,1863,3,660,879,879,984,2,4,9,2006,2006,14054,Gilbert,Gd,Gd,Gd,BuiltIn,GasA,Y,219210
10,2007,3,812,1017,1026,981,2,3,10,2008,2008,11003,Somerst,Ex,Ex,Ex,Attchd,GasA,Y,310000
9,1792,3,874,1792,1792,0,2,2,6,2003,2004,11846,NridgHt,Ex,Gd,Ex,Attchd,GasA,Y,374000
5,968,2,480,968,968,0,1,2,5,1923,2006,8520,OldTown,TA,Gd,TA,Detchd,GasA,Y,100000
6,2654,2,619,1054,1512,1142,2,4,9,1968,1984,11029,NWAmes,Gd,TA,TA,Attchd,GasA,Y,250000
4,960,1,364,648,960,0,0,0,3,1965,2001,10246,Sawyer,TA,TA,TA,Attchd,GasA,Y,145000
10,2775,2,880,1237,1521,1254,3,3,9,1893,2000,13500,OldTown,Gd,Ex,TA,Detchd,GasA,Y,325000
9,2643,3,694,2153,2069,574,2,3,9,2006,2006,13693,NridgHt,Ex,Ex,Gd,BuiltIn,GasA,Y,380000
8,1646,2,482,1594,1646,0,2,2,5,2004,2005,3842,Crawfor,Gd,Gd,Ex,Attchd,GasA,Y,275000
6,1298,2,403,1298,1298,0,2,3,5,1985,1985,11200,SawyerW,Gd,Gd,Gd,Attchd,GasA,Y,180000
8,1694,3,776,1694,1694,0,2,3,7,2008,2008,10475,CollgCr,Gd,Gd,Gd,Attchd,GasA,Y,245350
6,958,1,301,958,958,0,1,2,5,1960,1998,12772,NAmes,TA,TA,TA,Attchd,GasA,Y,151500
5,999,1,300,925,999,0,1,3,6,1962,1962,10205,NAmes,TA,TA,TA,Attchd,GasA,Y,134500
5,1020,0,0,780,780,240,1,2,6,1875,1996,6342,Sawyer,TA,TA,TA,,GasA,N,94000
7,1674,2,663,814,814,860,2,3,7,2000,2000,7500,Somerst,Gd,Gd,Gd,Attchd,GasA,Y,216000
8,2113,3,839,2109,2113,0,2,2,7,1995,1995,10437,NoRidge,Gd,Gd,Gd,Attchd,GasA,Y,350000
6,2030,2,551,848,1118,912,2,4,8,1976,1976,12046,NWAmes,Gd,TA,TA,Attchd,GasA,Y,195000
6,1217,1,288,626,626,591,1,3,6,1980,1980,10762,SawyerW,TA,TA,Gd,Attchd,GasA,Y,120000
8,2169,2,647,1284,1284,885,2,3,7,2002,2002,9375,CollgCr,Gd,Gd,Gd,Attchd,GasA,Y,228500
7,1850,2,467,973,979,871,2,3,7,1994,1994,29959,NoRidge,Gd,Gd,Gd,BuiltIn,GasA,Y,248000
5,1144,1,336,1144,1144,0,1,3,6,1963,1963,9204,NAmes,TA,TA,TA,Detchd,GasA,Y,124000
7,1504,2,437,1346,1504,0,2,2,7,2005,2006,3182,Blmngtn,Gd,Gd,Gd,Attchd,GasA,Y,191000
6,1309,2,484,1040,1309,0,1,3,5,1974,1999,10140,NWAmes,Gd,TA,TA,Attchd,GasA,Y,181000
6,1258,1,280,560,698,560,1,2,6,1939,1950,9060,Edwards,TA,TA,TA,Detchd,GasA,Y,105000
5,1422,1,286,978,1422,0,1,3,6,1960,1978,12342,NAmes,TA,TA,TA,Attchd,GasA,Y,139900
6,1442,1,301,1442,1442,0,1,4,7,1958,1958,9750,NAmes,TA,TA,TA,Attchd,GasA,Y,157900
5,1200,1,240,768,768,432,1,3,6,1946,1995,11767,Edwards,TA,TA,TA,Detchd,GasA,Y,130500
6,1664,2,460,953,953,711,2,3,7,2000,2000,8121,Gilbert,TA,TA,Gd,Attchd,GasA,Y,172400
5,1360,2,572,384,1360,0,1,3,6,1955,1955,7134,NAmes,TA,TA,TA,Detchd,GasA,Y,130000
8,1414,2,403,707,707,707,2,3,6,2004,2004,9056,Gilbert,Gd,Gd,Ex,Attchd,GasA,Y,178000
6,1342,2,457,1372,1342,0,2,3,7,1967,1967,9790,NWAmes,TA,TA,TA,Attchd,GasA,Y,161500
5,1118,2,410,793,793,325,1,3,5,1939,1950,7800,OldTown,TA,TA,Gd,Detchd,GasA,Y,119900
6,2345,2,360,952,1170,1175,2,4,9,1932,1950,16560,Crawfor,TA,TA,Gd,Detchd,GasA,Y,239000
6,1844,2,546,1844,1844,0,2,3,7,1977,1977,11751,NWAmes,TA,TA,Gd,Attchd,GasA,Y,190000
6,987,1,264,483,483,504,1,2,4,1971,1971,1680,BrDale,TA,TA,TA,Detchd,GasA,Y,85400
6,1610,2,480,1610,1610,0,2,3,6,1977,2001,10603,NWAmes,Gd,TA,TA,Attchd,GasA,Y,205000
6,1080,2,484,1084,1080,0,1,3,5,1983,1983,9187,Mitchel,TA,TA,TA,Attchd,GasA,Y,134000
4,1622,4,1356,1249,1622,0,1,3,7,1961,1975,32463,Mitchel,TA,TA,TA,2Types,GasA,Y,168000
6,1511,2,413,802,802,709,2,3,8,1997,1997,11207,Gilbert,TA,TA,Gd,Attchd,GasA,Y,185000
5,1152,2,484,1152,1152,0,1,3,6,1964,1964,14112,NAmes,TA,TA,TA,Attchd,GasA,Y,180500
5,1558,1,282,910,910,648,1,4,6,1950,1950,13710,IDOTRR,TA,TA,TA,Attchd,GasA,Y,152000
8,1911,2,471,777,1065,846,2,3,8,1993,1994,9554,SawyerW,Gd,Gd,Gd,Attchd,GasA,Y,215000
5,1306,1,756,992,1306,0,1,2,5,1957,2000,8712,NAmes,TA,TA,TA,Detchd,GasA,Y,153000
5,2138,2,360,849,1075,1063,2,2,11,1898,1965,8100,OldTown,TA,TA,TA,Detchd,GasA,N,106000
8,2466,2,610,1580,1580,886,3,4,8,2004,2005,11143,Somerst,Gd,Gd,Gd,Attchd,GasA,Y,340000
6,1734,2,440,912,1085,649,1,3,7,1962,1981,9786,NAmes,Gd,TA,TA,Attchd,GasA,Y,159000
6,1158,1,208,862,950,208,1,3,5,1929,1950,6000,BrkSide,TA,TA,TA,BuiltIn,GasA,Y,120000
5,1771,2,336,0,1771,0,1,3,9,1960,2006,21750,Mitchel,TA,TA,,Attchd,GasA,Y,115000
6,958,2,440,1078,958,0,2,2,5,1976,1976,4928,NPkVill,TA,TA,Gd,Attchd,GasA,Y,128000
9,1828,3,774,1822,1828,0,2,3,9,2007,2007,11694,NridgHt,Gd,Ex,Ex,Attchd,GasA,Y,314813
5,1716,1,281,768,1148,568,1,3,8,1949,2008,11409,Edwards,TA,TA,TA,Attchd,GasA,Y,131000
9,2713,3,858,1452,1476,1237,2,3,11,2008,2008,14948,NridgHt,Ex,Ex,Ex,Attchd,GasA,Y,446261
6,1367,1,560,884,959,408,1,3,6,1931,1950,6240,BrkSide,TA,TA,TA,Detchd,GasA,Y,127500
7,1826,1,164,910,916,910,1,4,7,1915,2005,2500,OldTown,Ex,Gd,TA,Attchd,GasA,Y,155000
6,1200,2,521,1200,1200,0,2,3,6,1995,1995,11249,CollgCr,Gd,Gd,Gd,Attchd,GasA,Y,177500
5,1382,2,660,720,854,0,1,2,7,1941,1950,12358,OldTown,TA,TA,TA,Detchd,GasA,Y,128500
6,1456,2,400,728,728,728,2,3,8,2005,2005,8029,Gilbert,Gd,TA,Gd,Attchd,GasA,Y,176000
8,2448,3,711,1629,1686,762,2,4,8,1994,2005,46589,NoRidge,Gd,Gd,Gd,Attchd,GasA,Y,402000
5,1964,0,0,940,1024,940,1,4,7,1911,1950,8525,SWISU,TA,TA,TA,,GasA,N,130000
6,1092,2,504,1092,1092,0,1,3,6,1964,1964,8250,NAmes,TA,TA,Gd,Attchd,GasA,Y,145000
5,1113,1,264,1113,1113,0,1,3,5,1950,2007,9600,NAmes,Gd,Gd,TA,Attchd,GasA,Y,147000
4,864,0,0,864,864,0,1,3,5,1971,1971,10500,NAmes,TA,TA,TA,,GasA,Y,115000
7,1804,2,442,994,1028,776,2,3,7,1999,1999,7500,Gilbert,Gd,TA,TA,Attchd,GasA,Y,189000
5,1632,2,576,1632,1632,0,2,4,8,1967,1967,25000,Mitchel,TA,TA,TA,Attchd,GasA,Y,143000
6,2614,2,624,1522,1548,1066,2,4,9,1974,1997,10800,NWAmes,TA,TA,TA,Attchd,GasA,Y,240000
7,1314,2,626,1314,1314,0,2,2,6,2007,2008,5001,NridgHt,Gd,Gd,Gd,Attchd,GasA,Y,230000
7,1923,2,564,750,1061,862,2,3,8,1992,1992,10186,NoRidge,Gd,Gd,Gd,Attchd,GasA,Y,190000
7,1484,2,606,1473,1484,0,2,3,7,2004,2005,8400,CollgCr,Gd,Gd,Gd,Attchd,GasA,Y,213000
4,708,0,0,420,708,0,1,2,5,1940,1950,5330,BrkSide,Fa,Fa,TA,,GasA,Y,82500
8,1713,3,856,1713,1713,0,2,3,7,2004,2005,9591,NridgHt,Ex,Gd,Ex,Attchd,GasA,Y,274900
5,1269,1,308,1269,1269,0,1,3,6,1960,1960,7931,NAmes,TA,TA,TA,Detchd,GasA,Y,155000
8,2097,3,1134,2077,2097,0,1,1,8,2005,2006,20896,Somerst,Ex,Gd,Ex,Attchd,GasA,Y,423000
5,864,1,288,864,864,0,1,3,5,1972,1972,9560,CollgCr,TA,TA,TA,Attchd,GasA,Y,128500
9,2184,3,836,1104,1130,1054,2,3,10,2008,2008,11308,NridgHt,Ex,Ex,Ex,Attchd,GasA,Y,335000
8,1624,3,757,1624,1624,0,2,2,5,1994,1995,12461,NoRidge,Gd,Gd,Gd,Attchd,GasA,Y,262000
5,1040,1,384,1040,1040,0,1,3,5,1965,1965,11200,Sawyer,TA,TA,TA,Detchd,GasA,Y,129500
7,2035,2,434,884,884,1151,2,3,8,2001,2001,9505,Gilbert,Gd,Gd,Gd,BuiltIn,GasA,Y,222500
8,1494,2,481,1494,1494,0,1,2,6,1995,1996,9549,Veenker,Ex,Gd,Gd,Attchd,GasA,Y,270000
7,1314,2,626,1314,1314,0,2,2,6,2007,2008,5063,NridgHt,Gd,Gd,Gd,Attchd,GasA,Y,207500
6,1743,2,539,702,1041,702,1,3,7,1968,1968,11700,NWAmes,TA,Gd,TA,Attchd,GasA,Y,175000
7,2127,3,833,1104,912,1215,2,4,8,1991,1991,13125,SawyerW,Gd,Gd,Ex,Attchd,GasA,Y,238000
5,1716,0,0,780,936,780,2,6,9,1912,2000,5687,SWISU,Fa,TA,TA,,GasA,N,135900
7,1358,2,484,1358,1358,0,2,2,6,2009,2010,6371,NridgHt,Gd,Gd,Gd,Attchd,GasA,Y,224000
7,1430,2,400,384,774,656,2,3,8,2000,2000,9967,Gilbert,TA,TA,Gd,BuiltIn,GasA,Y,170000
7,1221,2,400,1221,1221,0,2,2,6,2004,2005,7500,Somerst,Gd,Gd,Gd,Attchd,GasA,Y,185000
7,2094,2,615,912,912,1182,2,4,8,2003,2004,9375,Somerst,Gd,Gd,Gd,BuiltIn,GasA,Y,263000
5,864,1,360,864,864,0,1,3,5,1965,1965,8281,Sawyer,TA,TA,TA,Detchd,GasA,Y,62383
5,1053,2,750,1008,1053,0,1,3,6,1958,1991,8973,NAmes,Ex,TA,TA,2Types,GasA,Y,150000
5,1701,2,611,1390,1701,0,2,3,6,1975,1981,16647,Sawyer,TA,TA,Gd,Basment,GasA,Y,171000
5,1056,1,308,1056,1056,0,1,3,6,1958,1992,8176,NAmes,TA,TA,TA,Attchd,GasA,Y,139000
3,1163,1,220,1162,1163,0,1,3,6,1955,2005,5820,OldTown,TA,TA,TA,Attchd,GasA,Y,126175
7,1665,2,562,813,822,843,2,3,7,2007,2007,8125,Somerst,Gd,Gd,Gd,Attchd,GasA,Y,205950
6,1196,2,528,684,684,512,1,3,7,1920,2000,12354,Edwards,Gd,TA,TA,Detchd,GasA,Y,110000
9,3140,3,820,1926,1966,1174,3,4,11,2008,2009,13518,NridgHt,Ex,Ex,Ex,BuiltIn,GasA,Y,485000
7,1682,2,530,1304,1682,0,2,3,7,1970,1970,10400,NWAmes,TA,TA,TA,Attchd,GasA,Y,174000
5,1072,2,525,547,1072,0,1,2,5,2005,2005,3675,Edwards,TA,TA,Gd,Basment,GasA,Y,145000
7,1547,2,614,756,764,783,2,3,7,2009,2009,8640,Somerst,Gd,TA,Gd,Attchd,GasA,Y,215200
9,1905,3,788,1905,1905,0,2,3,8,2006,2006,11670,Somerst,Ex,Ex,Ex,Attchd,GasA,Y,320000
7,1661,2,550,799,827,834,2,3,6,1996,1996,10667,CollgCr,Gd,Gd,Gd,Attchd,GasA,Y,212000
6,1350,2,520,1248,1350,0,1,3,6,1964,1964,9020,NAmes,TA,TA,TA,Attchd,GasA,Y,168500
6,1845,2,462,1055,1055,790,2,3,8,1992,1992,11218,SawyerW,Gd,Gd,Gd,Attchd,GasA,Y,189000
5,1601,1,300,533,1021,580,1,3,6,1958,1987,13825,Sawyer,TA,TA,TA,BuiltIn,GasA,Y,140000
6,1498,2,409,691,691,807,2,3,6,1995,1996,13031,Gilbert,TA,TA,Gd,Attchd,GasA,Y,187500
7,1947,2,678,991,991,956,2,3,8,2004,2005,12552,Somerst,Gd,Gd,Gd,Attchd,GasA,Y,254900
5,1098,1,260,1098,1098,0,1,3,6,1955,1955,7390,NAmes,TA,TA,TA,Attchd,GasA,Y,135000
6,1054,2,460,1054,1054,0,1,3,6,1969,1969,9750,NAmes,TA,TA,Gd,Attchd,GasA,Y,151000
5,928,1,288,928,928,0,1,3,5,1957,1957,6000,OldTown,TA,TA,TA,Attchd,GasA,Y,112500
7,1820,1,240,1026,1133,687,2,4,8,1925,1950,9120,BrkSide,TA,TA,TA,Detchd,GasA,Y,184000
7,3082,2,672,824,1687,998,2,5,12,1920,1970,15863,SWISU,TA,TA,TA,Basment,GasA,Y,197000
4,1788,1,304,1104,1104,684,1,5,8,1957,1989,11250,ClearCr,TA,TA,TA,Attchd,GasA,Y,161500
5,1022,1,280,1022,1022,0,1,2,4,1910,2006,7200,OldTown,TA,TA,TA,Detchd,GasW,N,85000
7,1274,2,508,1274,1274,0,2,3,6,2005,2007,8814,CollgCr,Gd,Gd,Gd,Attchd,GasA,Y,203000
9,2504,3,656,1122,1134,1370,2,4,11,2005,2007,11198,StoneBr,Ex,Gd,Gd,BuiltIn,GasA,Y,325000
9,2153,3,736,1440,1476,677,2,3,8,2000,2000,11050,CollgCr,Ex,Gd,Ex,Attchd,GasA,Y,313000
8,2031,2,577,1128,1128,903,2,3,7,2002,2002,9473,CollgCr,Gd,Gd,Gd,Attchd,GasA,Y,237000
6,1824,2,520,764,1060,764,1,3,8,1919,1950,13515,BrkSide,TA,TA,TA,Detchd,GasA,Y,180500
5,1008,1,275,1008,1008,0,1,2,4,1954,1954,11425,NAmes,TA,TA,TA,Attchd,GasA,Y,137000
5,694,1,352,440,694,0,1,2,4,1913,2002,4280,Crawfor,Gd,TA,TA,Detchd,GasA,N,90350
6,1728,2,574,1728,1728,0,2,4,8,1976,1976,12640,Mitchel,TA,TA,TA,Attchd,GasA,Y,150900
7,1588,2,472,1588,1588,0,2,3,6,1999,1999,10264,CollgCr,Gd,Gd,Gd,Attchd,GasA,Y,214000
5,1392,2,528,1392,1392,0,1,3,5,1957,1996,11341,Sawyer,TA,TA,Gd,Detchd,GasA,Y,121500
10,4476,3,813,2396,2411,2065,3,4,10,1996,1996,15623,NoRidge,Ex,Gd,Ex,Attchd,GasA,Y,745000
7,1969,2,534,808,1161,808,2,3,8,1977,1977,11952,NWAmes,TA,TA,Gd,Attchd,GasA,Y,190000
7,1504,2,457,1346,1504,0,2,1,7,2005,2006,3182,Blmngtn,Gd,Gd,Gd,Attchd,GasA,Y,181000
5,1276,1,350,1276,1276,0,1,3,5,1958,1958,9571,Edwards,TA,TA,TA,Attchd,GasA,Y,60000
9,1800,2,702,1800,1800,0,2,2,7,2007,2007,11923,CollgCr,Ex,Gd,Ex,Attchd,GasA,Y,239000
6,816,0,0,816,816,0,1,3,5,1990,1990,11841,Edwards,TA,TA,Gd,,GasA,Y,118500
5,1040,2,625,0,1040,0,1,2,5,1950,1950,7200,NAmes,TA,TA,,Detchd,GasA,Y,109500
5,924,1,280,924,924,0,1,3,5,1975,1975,7990,CollgCr,TA,TA,Gd,Detchd,GasA,Y,110000
6,832,2,528,832,832,0,1,2,4,1954,1954,7227,NAmes,Gd,TA,TA,Detchd,GasA,Y,105500
7,1886,2,431,930,956,930,2,4,10,1998,1999,11214,Gilbert,Gd,Gd,Gd,Attchd,GasA,Y,199900
7,2196,3,701,2158,2196,0,2,3,7,1990,1991,14684,SawyerW,Gd,Gd,Gd,Attchd,GasA,Y,271900
5,1039,2,504,1039,1039,0,1,3,6,1965,1965,11625,Sawyer,TA,TA,TA,Attchd,GasA,Y,131500
5,1271,1,312,720,720,551,2,4,7,1948,1950,21286,Sawyer,TA,TA,TA,Attchd,GasA,Y,135000
5,1367,1,384,861,961,406,1,4,7,1900,1950,8405,Edwards,TA,TA,TA,Detchd,GasA,Y,119000
7,2093,2,542,791,1236,857,2,3,7,1986,1991,20544,NWAmes,TA,TA,Gd,Attchd,GasA,Y,215000
5,864,1,338,864,864,0,1,3,5,1972,1972,15523,CollgCr,TA,TA,TA,Attchd,GasA,Y,133500
6,2447,1,336,804,1699,748,2,4,10,1919,1990,9638,SWISU,Gd,TA,TA,Detchd,GasA,Y,169000
6,1054,2,480,936,1054,0,1,3,6,1963,1963,8800,NAmes,Gd,TA,TA,Attchd,GasA,Y,137500
5,1120,0,0,1120,1120,0,1,3,6,2007,2007,8402,Mitchel,TA,TA,Gd,,GasA,Y,147000
7,1616,3,834,1616,1616,0,2,3,7,2005,2005,8688,Somerst,Gd,Gd,Gd,Attchd,GasA,Y,232000
5,1073,2,515,1073,1073,0,1,3,6,1965,1965,10289,NAmes,TA,TA,TA,Attchd,GasA,Y,156000
5,1389,2,418,1389,1389,0,1,2,6,1974,1975,10010,Mitchel,TA,TA,Gd,Attchd,GasA,Y,170000
4,861,2,539,861,861,0,1,1,4,1940,1950,12342,Edwards,TA,TA,TA,Detchd,GasA,Y,82500
7,1135,2,576,560,575,560,1,3,6,1936,2007,7200,SWISU,Gd,Gd,Gd,Detchd,GasA,Y,155000
8,2828,3,1052,1466,1466,1362,3,4,11,2006,2007,9965,CollgCr,Gd,Gd,Ex,BuiltIn,GasA,Y,424870
8,1616,2,608,1595,1616,0,2,2,5,1995,1996,5389,StoneBr,Gd,Gd,Gd,Attchd,GasA,Y,236500
5,1437,2,528,1437,1437,0,2,3,6,1976,2004,10768,Veenker,Gd,Gd,Gd,Attchd,GasA,Y,218000
7,1630,2,451,1630,1630,0,2,3,6,2000,2001,9750,CollgCr,Gd,Gd,Gd,Attchd,GasA,Y,213000
8,1800,3,765,1800,1800,0,2,3,7,2002,2002,14331,Timber,Gd,Gd,Ex,Attchd,GasA,Y,312500
6,1855,2,512,528,1094,761,2,3,7,1976,1994,9600,Veenker,TA,Gd,TA,Attchd,GasA,Y,187000
6,1675,2,502,841,892,783,2,3,7,1999,1999,24682,Gilbert,TA,TA,Gd,BuiltIn,GasA,Y,181000
7,2084,2,618,956,956,1128,2,4,8,2004,2004,10142,SawyerW,Gd,Gd,Gd,BuiltIn,GasA,Y,233000
5,1111,1,200,616,616,495,1,3,5,1941,1950,9084,Edwards,TA,TA,TA,Detchd,GasA,N,95000
3,729,0,0,270,729,0,1,2,5,1935,2003,4130,BrkSide,TA,Gd,TA,,GasA,Y,52000
6,1586,2,435,1362,1586,0,2,3,7,1979,1998,17043,NWAmes,TA,TA,Gd,Attchd,GasA,Y,181000
